{"customviz/com-company-heatMapViz/cp":{"f":["colorpicker.js","eye.js","layout.js","utils.js"]},"customviz/com-company-heatMapViz/images":{"f":["blank.gif","colorpicker_overlay.png","colorpicker_select.gif","custom_background.png","custom_hex.png","custom_hsb_b.png","custom_hsb_h.png","custom_hsb_s.png","custom_indic.gif","custom_rgb_b.png","custom_rgb_g.png","custom_rgb_r.png","custom_submit.png","select.png","select2.png","slider.png"]},"customviz/com-company-heatMapViz/nls":{"f":["messages.js"],"d":["root"]},"customviz/com-company-heatMapViz/nls/root":{"f":["messages.js"]}}